frase,sentimento
"Hoje foi um dia incrível!", felicidade
"Estou radiante com a notícia!", felicidade
"Eu me sinto ótimo depois de uma boa noite de sono.", felicidade
"Cada momento com minha família é um presente.", felicidade
"Estou muito satisfeito com minhas conquistas.", felicidade
"Recebi uma promoção no trabalho e estou super feliz!", felicidade
"Não há nada melhor do que um dia ensolarado na praia.", felicidade
"Estou tão feliz por ter alcançado meus objetivos.", felicidade
"Ver um amigo depois de tanto tempo é maravilhoso.", felicidade
"Hoje foi um dia cheio de risos e diversão.", felicidade
"Estou animado para começar um novo projeto!", felicidade
"Eu me sinto tão abençoado com tudo que tenho.", felicidade
"Cada dia é uma nova oportunidade para ser feliz.", felicidade
"É incrível como pequenos momentos podem trazer tanta alegria.", felicidade
"Estou radiante com as boas notícias que recebi.", felicidade
"Cada dia é uma nova aventura cheia de possibilidades.", felicidade
"Eu amo como minha vida está cheia de positividade.", felicidade
"Ter amigos tão incríveis me traz tanta felicidade.", felicidade
"Estou animado para as novas oportunidades que estão por vir.", felicidade
"Cada pequeno sucesso é motivo para celebrar.", felicidade
"Eu estou desfrutando cada momento com alegria.", felicidade
"Encontrar alegria nas pequenas coisas é o que faz a vida especial.", felicidade
"Cada sorriso que recebo é um lembrete do quão feliz eu sou.", felicidade
"Estou tão feliz com o progresso que estou fazendo.", felicidade
"Cada dia é uma nova chance para ser feliz.", felicidade
"Eu me sinto completo e realizado com o que conquistei.", felicidade
"Estar rodeado de pessoas que amo é a maior felicidade.", felicidade
"Estou emocionado com todas as coisas boas que estão acontecendo.", felicidade
"Cada dia é uma nova oportunidade para ser feliz e grato.", felicidade
"Eu me sinto tão bem ao ver os outros felizes também.", felicidade
"Estou celebrando cada pequena vitória com alegria.", felicidade
"Eu me sinto realizado por alcançar minhas metas.", felicidade
"Cada dia é uma celebração da vida e da felicidade.", felicidade
"Eu estou grato por todas as bênçãos que tenho.", felicidade
"Ter um propósito e seguir meus sonhos traz tanta felicidade.", felicidade
"Estou tão feliz com o apoio que recebo de meus amigos e familiares.", felicidade
"Cada dia é um presente e estou aproveitando ao máximo.", felicidade
"Estou maravilhado com todas as coisas boas que estão acontecendo.", felicidade
"Cada sorriso e risada é um lembrete da felicidade que sinto.", felicidade
"Estou desfrutando cada momento e sendo grato.", felicidade
"Eu me sinto tão feliz por ter pessoas que me apoiam.", felicidade
"Cada novo dia traz novas oportunidades para ser feliz.", felicidade
"Estou radiante com o sucesso que alcancei.", felicidade
"Eu amo como cada dia é uma nova chance para ser feliz.", felicidade
"Estar cercado por amor e alegria é tudo o que eu preciso.", felicidade
"Estou emocionado com as novas experiências que estou vivendo.", felicidade
"Cada pequeno gesto de bondade me traz alegria.", felicidade
"Eu me sinto tão feliz com as conquistas pessoais que alcancei.", felicidade
"Cada momento de felicidade é um presente para ser apreciado.", felicidade
"Eu estou vivendo minha vida ao máximo e me sentindo feliz.", felicidade
"Estar cercado por amigos e família me traz tanta alegria.", felicidade
"Estou empolgado com todas as novas possibilidades que a vida oferece.", felicidade
"Cada dia é uma nova chance para encontrar alegria e felicidade.", felicidade
"Eu me sinto tão feliz com o caminho que minha vida está tomando.", felicidade
"Cada pequeno passo em direção aos meus sonhos me traz felicidade.", felicidade
"Estou tão feliz por estar cercado por pessoas que amo.", felicidade
"Cada dia é um lembrete da alegria que sinto na vida.", felicidade
"Eu estou celebrando a vida e todas as suas maravilhas.", felicidade
"Estar feliz é uma escolha que faço todos os dias.", felicidade
"Estou radiante com todas as coisas boas que estão acontecendo.", felicidade
"Cada momento de felicidade é um tesouro que aprecio.", felicidade
"Eu me sinto tão grato por tudo o que tenho e pela felicidade em minha vida.", felicidade
"Cada sorriso e risada são sinais de como estou feliz.", felicidade
"Eu estou vivendo com alegria e gratidão todos os dias.", felicidade
"Cada dia traz novas oportunidades para ser feliz e grato.", felicidade
"Estou encantado com todas as pequenas alegrias que a vida oferece.", felicidade
"Eu me sinto tão feliz por estar alcançando meus objetivos.", felicidade
"Cada momento é uma chance para encontrar felicidade e alegria.", felicidade
"Eu estou tão feliz com o apoio e amor que recebo dos outros.", felicidade
"Cada novo dia é uma nova oportunidade para ser feliz.", felicidade
"Estou maravilhado com todas as boas coisas que estão acontecendo.", felicidade
"Cada momento de felicidade é um presente que valorizo.", felicidade
"Eu estou vivendo com entusiasmo e alegria.", felicidade
"Cada pequeno sucesso é uma fonte de grande felicidade para mim.", felicidade
"Estou empolgado com as novas experiências e oportunidades que estão por vir.", felicidade
"Cada sorriso é uma expressão da alegria que sinto.", felicidade
"Eu me sinto tão feliz por estar cercado por pessoas que amo e que me amam.", felicidade
"Cada dia é uma nova chance para criar momentos felizes.", felicidade
"Estou radiante com a felicidade que minha vida oferece.", felicidade
"Eu me sinto tão realizado e contente com as coisas boas que tenho.", felicidade
"Cada dia é uma celebração da felicidade e da alegria.", felicidade
"Eu estou vivendo minha vida com um coração cheio de felicidade.", felicidade
"Cada pequeno gesto de bondade traz alegria ao meu coração.", felicidade
"Estou tão feliz com a vida que estou vivendo e com as pessoas ao meu redor.", felicidade
"Cada novo dia é uma nova chance para ser feliz e aproveitar a vida.", felicidade
"Eu estou vivendo com um espírito alegre e grato.", felicidade
"Cada momento de felicidade é uma benção que celebro.", felicidade
"Eu me sinto tão feliz e grato por todas as coisas boas que tenho.", felicidade
"Cada sorriso e risada são reflexos da alegria que sinto na vida.", felicidade
"Estou tão contente com as pequenas coisas da vida.", felicidade
"Cada momento com meus amigos é um motivo para sorrir.", felicidade
"Eu me sinto tão alegre com os sucessos recentes.", felicidade
"Ver a felicidade nos rostos das pessoas ao meu redor é maravilhoso.", felicidade
"Estou radiante com as boas notícias que recebi esta semana.", felicidade
"Cada novo projeto traz uma sensação de entusiasmo e felicidade.", felicidade
"Estou tão feliz por estar vivendo a vida que sempre sonhei.", felicidade
"Cada novo dia traz novas razões para ser grato e feliz.", felicidade
"Eu me sinto ótimo por estar alcançando meus objetivos pessoais.", felicidade
"Estar rodeado por pessoas positivas me faz sentir ainda mais feliz.", felicidade
"Estou empolgado com as novas oportunidades que surgiram.", felicidade
"Cada pequena conquista é um motivo para celebrar com alegria.", felicidade
"Eu estou vivendo cada dia com um sorriso no rosto.", felicidade
"Ter momentos felizes com minha família é a melhor sensação.", felicidade
"Eu me sinto tão realizado com o trabalho que estou fazendo.", felicidade
"Cada momento de diversão com amigos é uma fonte de felicidade.", felicidade
"Estou encantado com o progresso que estou fazendo em minha vida.", felicidade
"Cada dia é uma chance para aproveitar as pequenas alegrias.", felicidade
"Estou tão satisfeito com as mudanças positivas que estão acontecendo.", felicidade
"Cada novo desafio é uma oportunidade para crescer e ser feliz.", felicidade
"Eu me sinto pleno e feliz com as conquistas que alcancei.", felicidade
"Cada sorriso é um reflexo da felicidade que sinto por dentro.", felicidade
"Estou vivendo uma fase incrível da minha vida e me sinto ótimo.", felicidade
"Ter amigos que me apoiam traz tanta alegria à minha vida.", felicidade
"Eu estou tão feliz por estar alcançando meus sonhos e metas.", felicidade
"Cada dia é uma celebração das coisas boas que acontecem.", felicidade
"Eu me sinto radiante com a alegria que os momentos especiais trazem.", felicidade
"Cada pequena vitória é um motivo para sorrir e ser feliz.", felicidade
"Estou encantado com o amor e a felicidade que cercam minha vida.", felicidade
"Cada novo dia é uma oportunidade para encontrar felicidade e paz.", felicidade
"Estou tão grato pelas pessoas maravilhosas em minha vida.", felicidade
"Cada momento de felicidade é um lembrete do quanto minha vida é especial.", felicidade
"Eu me sinto tão contente com as mudanças positivas na minha vida.", felicidade
"Cada pequeno gesto de bondade é uma fonte de grande alegria.", felicidade
"Estou vivendo com um coração alegre e agradecido.", felicidade
"Cada sorriso é um reflexo da felicidade que sinto em minha vida.", felicidade
"Eu me sinto tão feliz por estar alcançando meus objetivos e sonhos.", felicidade
"Cada dia traz novas razões para celebrar e ser grato.", felicidade
"Estou radiante com o sucesso que estou alcançando em minha vida.", felicidade
"Eu estou aproveitando cada momento com alegria e entusiasmo.", felicidade
"Cada nova conquista é uma celebração da felicidade e do sucesso.", felicidade
"Eu me sinto tão feliz por estar cercado por pessoas que amo.", felicidade
"Cada dia é uma nova oportunidade para viver com alegria e gratidão.", felicidade
"Estou tão contente com as experiências maravilhosas que estou vivendo.", felicidade
"Cada momento de felicidade é uma bênção que aprecio profundamente.", felicidade
"Eu me sinto radiante com as boas coisas que estão acontecendo na minha vida.", felicidade
"Estou tão contente com as experiências maravilhosas que estou vivendo.", felicidade
"Cada momento de felicidade é uma bênção que aprecio profundamente.", felicidade
"Eu me sinto radiante com as boas coisas que estão acontecendo na minha vida.", felicidade
"Cada sorriso é um reflexo da alegria que sinto por dentro.", felicidade
"Estou vivendo minha vida ao máximo e me sentindo imensamente feliz.", felicidade
"Cada pequeno sucesso traz uma grande alegria à minha vida.", felicidade
"Eu estou tão feliz com as coisas boas que estão acontecendo.", felicidade
"Cada dia é uma chance para criar momentos de felicidade e alegria.", felicidade
"Eu me sinto tão feliz por ter pessoas maravilhosas ao meu redor.", felicidade
"Cada momento é uma oportunidade para ser feliz e aproveitar a vida.", felicidade
"Estou radiante com a felicidade que os momentos especiais trazem.", felicidade
"Cada nova experiência é uma chance para encontrar alegria e satisfação.", felicidade
"Eu me sinto tão realizado com as conquistas que alcancei.", felicidade
"Cada dia é uma celebração das coisas boas que tenho em minha vida.", felicidade
"Estou vivendo com um espírito alegre e positivo todos os dias.", felicidade
"Cada momento de felicidade é uma preciosidade que valorizo.", felicidade
"Eu estou tão feliz por estar alcançando meus objetivos e sonhos.", felicidade
"Cada dia traz novas oportunidades para ser feliz e grato.", felicidade
"Estou radiante com a alegria que as pequenas coisas trazem à minha vida.", felicidade
"Cada sorriso e risada são reflexos da felicidade que sinto por dentro.", felicidade
"Eu me sinto tão feliz por estar cercado por pessoas que me amam e me apoiam.", felicidade
"Cada novo dia é uma nova chance para encontrar alegria e felicidade.", felicidade
"Estou tão satisfeito com as maravilhas que minha vida oferece.", felicidade
"Cada momento de felicidade é uma bênção que aprecio profundamente.", felicidade
"Eu estou vivendo com entusiasmo e gratidão, e isso me faz sentir feliz.", felicidade
"Cada pequeno gesto de bondade traz grande alegria à minha vida.", felicidade
"Estou tão feliz por estar vivendo minha vida com propósito e alegria.", felicidade
"Cada novo dia é uma oportunidade para celebrar e ser grato pela felicidade.", felicidade
"Eu me sinto tão realizado com as maravilhas que estão acontecendo em minha vida.", felicidade
"Cada sorriso é uma expressão da alegria e felicidade que sinto.", felicidade
"Me sinto tão vazio e sem esperança.", tristeza
"Não consigo parar de pensar no que perdi.", tristeza
"Estou completamente desolado.", tristeza
"Cada dia parece mais difícil do que o anterior.", tristeza
"É difícil encontrar alegria em qualquer coisa.", tristeza
"Eu me sinto tão só e desamparado.", tristeza
"Minha tristeza não parece ter fim.", tristeza
"Estou lutando para encontrar um motivo para sorrir.", tristeza
"Meus dias são cheios de pesar e arrependimento.", tristeza
"Estou perdido e sem rumo.", tristeza
"Minha alma está cheia de dor e sofrimento.", tristeza
"Me sinto como se estivesse carregando um peso enorme.", tristeza
"Eu só quero que essa dor acabe.", tristeza
"Meus pensamentos estão sempre nublados pela tristeza.", tristeza
"Estou me afundando em um mar de tristeza.", tristeza
"Não há ninguém para me entender.", tristeza
"Eu me sinto tão desolado sem você.", tristeza
"Cada dia é uma luta contra a tristeza.", tristeza
"Estou cheio de saudade e melancolia.", tristeza
"Estou me afundando em um abismo de tristeza.", tristeza
"Minha mente está sempre cheia de pensamentos tristes.", tristeza
"Sinto como se estivesse preso em um pesadelo interminável.", tristeza
"Estou perdendo a esperança de que as coisas melhorem.", tristeza
"Não consigo ver a luz no fim do túnel.", tristeza
"Eu me sinto derrotado e exausto.", tristeza
"Cada lembrança só aumenta minha dor.", tristeza
"Estou constantemente lutando contra a depressão.", tristeza
"Me sinto abandonado e desolado.", tristeza
"Minha vida parece uma série interminável de desastres.", tristeza
"Estou sempre à beira das lágrimas.", tristeza
"Cada dia é um desafio para não afundar na tristeza.", tristeza
"Eu me sinto incapaz de lidar com minha dor.", tristeza
"Estou cansado de lutar contra a tristeza constante.", tristeza
"Não há consolo para a minha solidão.", tristeza
"Sinto como se o mundo tivesse perdido a cor.", tristeza
"Estou mergulhado em uma tristeza profunda.", tristeza
"Cada dia é uma batalha para manter a esperança.", tristeza
"Estou me afundando em um poço de melancolia.", tristeza
"Eu me sinto como se estivesse sempre à margem da felicidade.", tristeza
"Minhas forças estão se esgotando com a tristeza.", tristeza
"Estou cansado de enfrentar a tristeza todos os dias.", tristeza
"Minha tristeza está me consumindo por dentro.", tristeza
"Estou cercado por uma nuvem constante de melancolia.", tristeza
"Eu me sinto completamente derrotado.", tristeza
"A cada dia que passa, a tristeza só aumenta.", tristeza
"Estou sempre lutando contra um sentimento de vazio.", tristeza
"Sinto como se nada pudesse melhorar minha situação.", tristeza
"Estou consumido por uma sensação de desesperança.", tristeza
"Cada pequena coisa me lembra da minha tristeza.", tristeza
"Estou sempre em um estado de tristeza profunda.", tristeza
"Minha alma está exausta de tanto sofrimento.", tristeza
"Estou sempre lutando para encontrar alguma felicidade.", tristeza
"Minha vida é um ciclo constante de tristeza e dor.", tristeza
"Sinto como se estivesse vivendo em um pesadelo contínuo.", tristeza
"Cada dia é um lembrete da minha solidão.", tristeza
"Estou afundando em um mar de tristeza sem fim.", tristeza
"Minha tristeza não tem limites.", tristeza
"Estou constantemente à procura de algo que me traga alegria.", tristeza
"Eu me sinto aprisionado em um estado de desolação.", tristeza
"Cada lembrança é uma facada na minha tristeza.", tristeza
"Estou perdido em um mundo de tristeza e solidão.", tristeza
"Minha tristeza é uma companhia constante.", tristeza
"Eu me sinto completamente desgastado pela tristeza.", tristeza
"Cada dia parece ser uma luta contra a dor interior.", tristeza
"Minha vida está cercada por um véu de tristeza.", tristeza
"Eu me sinto sempre à beira de desabar em lágrimas.", tristeza
"Minha tristeza é profunda e avassaladora.", tristeza
"Eu me sinto incapaz de escapar da minha melancolia.", tristeza
"Estou lutando para encontrar alguma forma de alegria.", tristeza
"Cada momento é um lembrete da minha tristeza contínua.", tristeza
"Eu me sinto preso em um ciclo interminável de dor.", tristeza
"Minha tristeza está sempre presente, não importa o que eu faça.", tristeza
"Eu me sinto como se estivesse afundando cada vez mais na tristeza.", tristeza
"Cada dia é uma luta para não sucumbir à tristeza.", tristeza
"Eu me sinto como se estivesse vivendo em um buraco profundo.", tristeza
"Minha tristeza é uma sombra constante sobre minha vida.", tristeza
"Estou cansado de enfrentar a mesma tristeza todos os dias.", tristeza
"Eu me sinto como se estivesse em um estado perpétuo de desânimo.", tristeza
"Cada dia é um desafio para encontrar alguma paz interior.", tristeza
"Estou me afundando mais e mais na tristeza a cada dia.", tristeza
"Eu me sinto incapaz de encontrar alguma felicidade em minha vida.", tristeza
"Minha tristeza é uma constante que não posso escapar.", tristeza
"Eu me sinto como se estivesse perdido em um deserto de desolação.", tristeza
"Cada esforço para melhorar minha situação só me faz sentir mais triste.", tristeza
"Estou constantemente lutando contra uma maré de tristeza.", tristeza
"Minha vida parece estar envolta em uma nuvem de tristeza.", tristeza
"Eu me sinto completamente abandonado pela alegria.", tristeza
"Cada passo que dou parece me afundar mais na tristeza.", tristeza
"Estou sempre em um estado de melancolia sem fim.", tristeza
"Minha tristeza está sempre presente, não importa onde eu vá.", tristeza
"Eu me sinto como se estivesse vivendo em um pesadelo interminável de tristeza.", tristeza
"Cada dia é uma nova batalha contra o desânimo e a dor.", tristeza
"Minha tristeza é uma parte constante do meu ser.", tristeza
"Eu me sinto como se estivesse cercado por uma maré interminável de desespero.", tristeza
"Estou sempre em um estado de tristeza profunda e contínua.", tristeza
"Cada dia é um lembrete da minha solidão e desolação.", tristeza
"Minha tristeza é uma sombra que nunca se afasta.", tristeza
"Eu me sinto preso em um ciclo sem fim de tristeza e dor.", tristeza
"Cada momento é uma luta para manter a esperança viva.", tristeza
"Minha vida está marcada por uma constante sensação de tristeza.", tristeza
"Estou sempre lutando para encontrar alguma forma de alívio da minha tristeza.", tristeza
"Eu me sinto como se estivesse afundando cada vez mais na melancolia.", tristeza
"Cada dia é uma nova luta contra a dor interior.", tristeza
"Minha tristeza é um fardo constante que carrego.", tristeza
"Eu me sinto como se estivesse em um buraco profundo de desespero.", tristeza
"Cada esforço para melhorar só me faz sentir mais triste.", tristeza
"Minha tristeza é uma constante companheira.", tristeza
"Sinto sua falta", tristeza
"Eu me sinto como se estivesse preso em uma vida de desânimo e melancolia.", tristeza
"Cada dia é um desafio para encontrar um pouco de felicidade.", tristeza
"Minha tristeza é um peso constante sobre meus ombros.", tristeza
"Eu me sinto constantemente cercado por um manto de tristeza.", tristeza
"Cada lembrança é um lembrete doloroso da minha tristeza.", tristeza
"Estou sempre lutando contra uma onda de melancolia.", tristeza
"Minha vida é uma série contínua de momentos de tristeza e dor.", tristeza
"Eu me sinto como se estivesse afundando mais e mais na tristeza a cada dia.", tristeza
"Cada dia é uma luta para não sucumbir ao desânimo.", tristeza
"Minha tristeza é uma presença constante em minha vida.", tristeza
"Eu me sinto como se estivesse vivendo em um estado de desespero perpétuo.", tristeza
"Cada esforço para encontrar alegria só me faz sentir mais triste.", tristeza
"Minha tristeza é um peso constante que nunca parece desaparecer.", tristeza
"Eu me sinto como se estivesse sempre à beira das lágrimas.", tristeza
"Cada momento é uma batalha contra o desânimo e a dor interior.", tristeza
"Minha tristeza é um fardo que carrego dia após dia.", tristeza
"Eu me sinto como se estivesse em um ciclo interminável de melancolia.", tristeza
"Cada dia é um lembrete doloroso da minha solidão e desamparo.", tristeza
"Minha tristeza é uma sombra constante sobre minha vida.", tristeza
"Eu não suporto mais essa situação!", raiva
"Estou completamente furioso com o que aconteceu.", raiva
"Isso me deixa extremamente irritado.", raiva
"Estou cheio de raiva e não consigo me acalmar.", raiva
"Essa situação é insuportável e me deixa com raiva.", raiva
"Eu estou cansado de ser tratado assim!", raiva
"Não consigo acreditar na injustiça que estou enfrentando.", raiva
"Estou extremamente bravo com a forma como as coisas estão indo.", raiva
"Eu sinto uma raiva profunda em relação a isso.", raiva
"Minha paciência acabou e estou muito irritado.", raiva
"Estou prestes a perder a calma com essa situação.", raiva
"Isso me faz sentir uma raiva intensa.", raiva
"Eu não aguento mais esse comportamento irritante.", raiva
"Estou realmente frustrado e com raiva do que aconteceu.", raiva
"Eu sinto uma raiva crescente dentro de mim.", raiva
"Não consigo esconder a raiva que sinto agora.", raiva
"Essa situação está me deixando extremamente irritado.", raiva
"Estou revoltado com a maneira como fui tratado.", raiva
"Minha raiva está fora de controle e eu não consigo me acalmar.", raiva
"Estou furioso com a falta de respeito.", raiva
"Eu não consigo lidar com a injustiça que estou vivendo.", raiva
"Estou cheio de raiva e não vejo uma solução.", raiva
"Isso está me deixando completamente exasperado.", raiva
"Estou irritado com a maneira como as coisas estão acontecendo.", raiva
"Minha raiva está crescendo e eu não consigo contê-la.", raiva
"Eu estou realmente irritado com o que está acontecendo.", raiva
"Isso me deixa com uma raiva que é difícil de controlar.", raiva
"Estou profundamente aborrecido com essa situação.", raiva
"Eu sinto uma fúria intensa em relação a isso.", raiva
"Estou exasperado e cheio de raiva.", raiva
"Isso está me provocando uma raiva imensa.", raiva
"Eu estou realmente enfurecido com o que aconteceu.", raiva
"Estou sentindo uma irritação crescente com isso.", raiva
"Essa situação é completamente frustrante e irritante.", raiva
"Eu não consigo controlar a raiva que sinto agora.", raiva
"Estou extremamente bravo com a forma como fui tratado.", raiva
"Minha paciência acabou e eu estou irado.", raiva
"Eu não consigo lidar com a frustração que estou sentindo.", raiva
"Estou furioso com a injustiça que enfrento.", raiva
"Isso me deixa com uma raiva que não consigo descrever.", raiva
"Estou profundamente irritado com essa situação.", raiva
"Eu sinto uma raiva intensa e crescente.", raiva
"Estou exasperado com o tratamento que recebo.", raiva
"Isso está me deixando completamente furioso.", raiva
"Estou realmente irritado e cansado dessa situação.", raiva
"Minha raiva está se acumulando e é difícil de controlar.", raiva
"Eu estou cheio de indignação e raiva.", raiva
"Estou profundamente enfurecido com o que está acontecendo.", raiva
"Essa situação me faz sentir uma raiva imensa.", raiva
"Estou frustrado e irritado com a falta de consideração.", raiva
"Eu não consigo manter a calma diante dessa injustiça.", raiva
"Estou completamente bravo com a maneira como as coisas estão indo.", raiva
"Minha raiva está fervendo e é difícil de conter.", raiva
"Eu estou enfurecido e não consigo lidar com isso.", raiva
"Estou irritado com a forma como estou sendo tratado.", raiva
"Isso me provoca uma raiva profunda e incontrolável.", raiva
"Estou extremamente frustrado e cheio de raiva.", raiva
"Eu não consigo controlar a irritação que sinto agora.", raiva
"Estou cheio de raiva com a maneira como as coisas estão se desenrolando.", raiva
"Essa situação está me deixando cada vez mais bravo.", raiva
"Eu sinto uma raiva crescente e persistente.", raiva
"Estou exasperado e não consigo mais lidar com isso.", raiva
"Estou completamente furioso com a injustiça que estou enfrentando.", raiva
"Minha raiva está se tornando difícil de conter.", raiva
"Estou profundamente irritado com a forma como fui tratado.", raiva
"Isso está me deixando com uma raiva intensa e incontrolável.", raiva
"Estou realmente frustrado com a situação atual.", raiva
"Eu sinto uma fúria crescente e é difícil de lidar.", raiva
"Estou enfurecido com a falta de respeito e consideração.", raiva
"Minha paciência está acabando e estou cada vez mais irritado.", raiva
"Eu estou cheio de raiva com o tratamento que estou recebendo.", raiva
"Essa situação está me deixando completamente furioso.", raiva
"Estou profundamente irritado com a injustiça e frustração.", raiva
"Estou com uma raiva tão intensa que é difícil controlar.", raiva
"Eu não consigo manter a calma diante da frustração que sinto.", raiva
"Estou exasperado e cheio de indignação com isso.", raiva
"Minha raiva está se acumulando e eu não consigo contê-la.", raiva
"Eu estou furioso e não consigo encontrar uma solução.", raiva
"Estou completamente irritado com o que está acontecendo.", raiva
"Essa situação me provoca uma raiva profunda e crescente.", raiva
"Estou cansado de lidar com essa frustração e raiva constantes.", raiva
"Eu sinto uma irritação intensa e não consigo acalmá-la.", raiva
"Estou profundamente enfurecido com a injustiça que estou enfrentando.", raiva
"Minha raiva está fora de controle e eu não consigo lidar com isso.", raiva
"Estou completamente bravo com a maneira como fui tratado.", raiva
"Essa situação está me deixando cada vez mais frustrado e irritado.", raiva
"Eu sinto uma raiva crescente e é difícil de controlar.", raiva
"Estou exasperado com o comportamento e a falta de consideração.", raiva
"Minha paciência está se esgotando e eu estou furioso.", raiva
"Eu estou cheio de raiva com a forma como as coisas estão acontecendo.", raiva
"Essa situação me provoca uma raiva intensa e incontrolável.", raiva
"Estou profundamente frustrado e irritado com isso.", raiva
"Minha raiva está se acumulando e eu não consigo mais contê-la.", raiva
"Estou realmente enfurecido com a injustiça e frustração.", raiva
"Eu sinto uma raiva crescente que é difícil de lidar.", raiva
"Estou cansado de lidar com essa irritação constante.", raiva
"Essa situação está me deixando completamente furioso.", raiva
"Estou exasperado e cheio de raiva com a falta de respeito.", raiva
"Minha raiva está difícil de controlar e é intensa.", raiva
"Estou profundamente irritado e frustrado com o que está acontecendo.", raiva
"Eu estou cansado de lidar com essa frustração e raiva contínuas.", raiva
"Essa situação me faz sentir uma raiva profunda e crescente.", raiva
"Estou absolutamente furioso com essa situação.", raiva
"Não consigo acreditar na falta de consideração!", raiva
"Minha raiva está fervendo e não consigo me controlar.", raiva
"Estou exasperado com a maneira como tudo está acontecendo.", raiva
"Essa situação está me provocando uma irritação intensa.", raiva
"Estou tão bravo que mal consigo pensar claramente.", raiva
"Eu estou realmente irritado com a falta de respeito que recebo.", raiva
"Isso está me deixando com uma raiva que é difícil de expressar.", raiva
"Estou cheio de raiva e frustração com o que aconteceu.", raiva
"Essa situação está me tirando do sério e me deixando furioso.", raiva
"Eu não aguento mais essa injustiça e estou completamente irritado.", raiva
"Estou cansado de lidar com esse tratamento desprezível.", raiva
"Minha raiva está crescendo e é difícil de controlar.", raiva
"Estou exasperado e irritado com a falta de soluções.", raiva
"Isso está me fazendo sentir uma raiva profunda e contínua.", raiva
"Eu não consigo lidar com a frustração e a raiva que estou sentindo.", raiva
"Estou realmente furioso com a maneira como fui tratado.", raiva
"Cada vez que penso nisso, minha raiva aumenta.", raiva
"Eu estou tão irritado que estou perdendo a paciência.", raiva
"Essa situação me provoca uma raiva que é difícil de conter.", raiva
"Estou frustrado e completamente bravo com o que está acontecendo.", raiva
"Eu sinto uma fúria crescente que é difícil de controlar.", raiva
"Estou cansado de ser desrespeitado e isso me deixa furioso.", raiva
"Cada vez que enfrento isso, minha raiva só aumenta.", raiva
"Estou exasperado e não consigo mais lidar com isso.", raiva
"Isso está me deixando profundamente irritado e frustrado.", raiva
"Minha raiva está fora de controle e não consigo acalmá-la.", raiva
"Estou completamente bravo e não vejo uma solução para isso.", raiva
"Eu estou tão irritado que é difícil me controlar.", raiva
"Essa situação está me deixando com uma raiva intensa e persistente.", raiva
"Eu sinto uma frustração crescente que não consigo mais conter.", raiva
"Estou furioso com a injustiça que estou enfrentando.", raiva
"Minha raiva está subindo e eu não consigo mais aguentar.", raiva
"Estou exasperado e cansado de lidar com essa situação irritante.", raiva
"Cada vez que vejo isso, minha raiva aumenta ainda mais.", raiva
"Eu estou profundamente irritado com a maneira como tudo está indo.", raiva
"Estou tão bravo que sinto como se pudesse explodir.", raiva
"Essa situação está me provocando uma raiva imensa e contínua.", raiva
"Estou frustrado e cheio de raiva com a falta de consideração.", raiva
"Eu não consigo mais manter a calma diante da injustiça.", raiva
"Estou completamente exasperado com a maneira como as coisas estão se desenrolando.", raiva
"Minha raiva está crescendo e é difícil de controlar.", raiva
"Eu estou cansado e furioso com essa situação sem fim.", raiva
"Isso me deixa com uma raiva profunda e persistente.", raiva
"Estou realmente irritado e frustrado com a forma como fui tratado.", raiva
"Cada vez que penso nisso, minha raiva aumenta ainda mais.", raiva
"Estou exasperado e não consigo mais lidar com isso.", raiva
"Minha raiva está fora de controle e é difícil de lidar.", raiva
"Estou profundamente irritado com a falta de respeito e consideração.", raiva
"Essa situação está me deixando furioso e exasperado.", raiva
"Eu sinto uma frustração crescente que é difícil de controlar.", raiva
"Estou cansado de lidar com essa raiva constante e é difícil encontrar alívio.", raiva
"Cada vez que enfrento isso, minha raiva só aumenta.", raiva
"Eu estou completamente irritado e exasperado com o que está acontecendo.", raiva
"Minha raiva está subindo e eu não consigo mais me acalmar.", raiva
"Estou profundamente frustrado com a falta de soluções e consideração.", raiva
"Isso está me deixando com uma raiva imensa e difícil de controlar.", raiva
"Eu não consigo mais lidar com essa frustração e irritação constantes.", raiva
"Estou completamente bravo com a maneira como as coisas estão indo.", raiva
"Minha raiva está crescente e é difícil de conter.", raiva
"Estou exasperado e cansado de lidar com essa situação irritante.", raiva
"Isso me provoca uma raiva profunda e imensa.", raiva
"Eu sinto uma frustração crescente que é difícil de controlar.", raiva
"Estou furioso com a falta de respeito e consideração.", raiva
"Minha raiva está fora de controle e eu não consigo mais me acalmar.", raiva
"Estou profundamente irritado e exasperado com a situação atual.", raiva
"Cada vez que enfrento isso, minha raiva só aumenta.", raiva
"Eu estou cansado e furioso com a maneira como tudo está acontecendo.", raiva
"Minha raiva está crescendo e eu não consigo mais lidar com isso.", raiva
"Estou exasperado e completamente irritado com a situação.", raiva
"Isso me deixa com uma raiva imensa e difícil de controlar.", raiva
"Eu sinto uma frustração profunda e crescente.", raiva
"Estou cansado de lidar com essa irritação constante e não consigo mais me acalmar.", raiva
"Minha raiva está crescendo e é difícil de conter.", raiva
"Estou furioso com a injustiça e a falta de consideração.", raiva
"Cada vez que enfrento isso, minha raiva só aumenta.", raiva
"Eu estou profundamente irritado e exasperado com a situação atual.", raiva
"Minha raiva está fora de controle e eu não consigo mais lidar com isso.", raiva
"Estou cansado e furioso com a maneira como tudo está se desenrolando.", raiva
"Isso me provoca uma raiva profunda e contínua.", raiva
"Eu sinto uma frustração crescente que é difícil de controlar.", raiva
"Estou completamente irritado e exasperado com a situação atual.", raiva
